item	itemLabelFi	itemLabelSmn	itemLabelSe	itemLabelSms	itemLabelSma	itemLabelSmj	itemLabelNb	itemLabelEn	itemLabelRu
http://www.wikidata.org/entity/Q258	Etelä-Afrikka	Maadâ-Afrik	Lulli-Afrihká	Saujj-Afrikk	Åarjel-Afrika		Sør-Afrika	South Africa	ЮАР
http://www.wikidata.org/entity/Q241	Kuuba	Kuuba	Cuba	Kuuba		Kuvbba	Cuba	Cuba	Куба
http://www.wikidata.org/entity/Q16	Kanada	Kanada	Kanáda	Kanada		Canáhta	Canada	Canada	Канада
http://www.wikidata.org/entity/Q244	Barbados	Barbados	Barbados	Barbados		Barbadåvsså	Barbados	Barbados	Барбадос
http://www.wikidata.org/entity/Q17	Japani	Jaapaan	Japána	Japaan		Japádna	Japan	Japan	Япония
http://www.wikidata.org/entity/Q262	Algeria	Algeria	Algeria	Algeria		Algeria	Algerie	Algeria	Алжир
http://www.wikidata.org/entity/Q265	Uzbekistan	Uzbekistan	Uzbekistan	Uzbekistaan			Usbekistan	Uzbekistan	Узбекистан
http://www.wikidata.org/entity/Q252	Indonesia	Indonesia	Indonesia	Indonesia	Indonesije	Indonessa	Indonesia	Indonesia	Индонезия
http://www.wikidata.org/entity/Q20	Norja	Taažâ	Norga	Taarr	Nöörje	Vuodna	Norge	Norway	Норвегия
http://www.wikidata.org/entity/Q298	Chile	Chile	Chile	Chile			Chile	Chile	Чили
http://www.wikidata.org/entity/Q27	Irlanti	Irland	Irlánda	Irlantt	Iirlaante		Irland	Republic of Ireland	Ирландия
http://www.wikidata.org/entity/Q334	Singapore	Singapore	Singapore	Singapore			Singapore	Singapore	Сингапур
http://www.wikidata.org/entity/Q28	Unkari	Uŋgar	Ungára	Unkar	Ungaaria		Ungarn	Hungary	Венгрия
http://www.wikidata.org/entity/Q347	Liechtenstein	Liechtenstein	Liechtenstein	Liechtensteiʹnn			Liechtenstein	Liechtenstein	Лихтенштейн
http://www.wikidata.org/entity/Q29	Espanja	Espanja	Espánnja	Espanja	Spaania	Spánsska	Spania	Spain	Испания
http://www.wikidata.org/entity/Q398	Bahrain	Bahrain	Bahrain	Bahrainn			Bahrain	Bahrain	Бахрейн
http://www.wikidata.org/entity/Q399	Armenia	Armenia	Armenia	Armenia			Armenia	Armenia	Армения
http://www.wikidata.org/entity/Q30	Yhdysvallat	Amerik ovtâstum staatah	Amerihká ovttastuvvan stáhtat	Ameriikk õhttõõvvâmvääʹld			USA	United States of America	США
http://www.wikidata.org/entity/Q31	Belgia	Belgia	Belgia	Belgia	Belgia		Belgia	Belgium	Бельгия
http://www.wikidata.org/entity/Q403	Serbia	Serbia	Serbia	Serbia			Serbia	Serbia	Сербия
http://www.wikidata.org/entity/Q32	Luxemburg	Luxemburg	Luxemburg	Luxemburgg	Luhksembuurj		Luxembourg	Luxembourg	Люксембург
http://www.wikidata.org/entity/Q33	Suomi	Suomâ	Suopma	Lääʹddjânnam	Såevmie	Suobma	Finland	Finland	Финляндия
http://www.wikidata.org/entity/Q408	Australia	Australia	Australia	Australia	Austraalije	Austrálla	Australia	Australia	Австралия
http://www.wikidata.org/entity/Q414	Argentiina	Argentiina	Argentiinná	Argentiin		Argentijnna	Argentina	Argentina	Аргентина
http://www.wikidata.org/entity/Q34	Ruotsi	Ruotâ	Ruoŧŧa	Ruõcc	Svöörje	Svierik	Sverige	Sweden	Швеция
http://www.wikidata.org/entity/Q419	Peru	Peru	Peru	Peru			Peru	Peru	Перу
http://www.wikidata.org/entity/Q36	Puola	Puola	Polska	Puola	Påålen		Polen	Poland	Польша
http://www.wikidata.org/entity/Q423	Korean demokraattinen kansantasavalta	Tave-Korea	Davvi-Korea	Tâʹvv-Korea			Nord-Korea	North Korea	КНДР
http://www.wikidata.org/entity/Q424	Kambodža	Kambodža	Kambodja	Kambodža			Kambodsja	Cambodia	Камбоджа
http://www.wikidata.org/entity/Q37	Liettua	Liettua	Lietuva	Liettua	Litauia		Litauen	Lithuania	Литва
http://www.wikidata.org/entity/Q574	Itä-Timor	Nuorttâ-Timor	Nuorta-Timor	Nuõrtt-Timor			Øst-Timor	East Timor	Восточный Тимор
http://www.wikidata.org/entity/Q657	Tšad	Tšad	Chad	Tšaad			Tsjad	Chad	Чад
http://www.wikidata.org/entity/Q664	Uusi-Seelanti	Aotearoa	Aotearoa	Aotearoa			New Zealand	New Zealand	Новая Зеландия
http://www.wikidata.org/entity/Q38	Italia	Italia	Itália	Italia	Itaalia	Itálla	Italia	Italy	Италия
http://www.wikidata.org/entity/Q668	Intia	India	India	Intia			India	India	Индия
http://www.wikidata.org/entity/Q39	Sveitsi	Sveicci	Sveica	Sveiʹcc			Sveits	Switzerland	Швейцария
http://www.wikidata.org/entity/Q678	Tonga	Tonga	Tonga	Tonga			Tonga	Tonga	Тонга
http://www.wikidata.org/entity/Q672	Tuvalu	Tuvalu	Tuvalu	Tuvalu			Tuvalu	Tuvalu	Тувалу
http://www.wikidata.org/entity/Q40	Itävalta	Nuorttârijkkâ	Nuortariika	Nuõrttväʹldd	Luvlieriike		Østerrike	Austria	Австрия
http://www.wikidata.org/entity/Q683	Samoa	Samoa	Samoa	Samoa			Samoa	Samoa	Самоа
http://www.wikidata.org/entity/Q41	Kreikka	Kreikka	Greika	Kreikka	Greeklaante	Greklánnda	Hellas	Greece	Греция
http://www.wikidata.org/entity/Q43	Turkki	Turkki	Durka	Turkk			Tyrkia	Turkey	Турция
http://www.wikidata.org/entity/Q685	Salomonsaaret	Salomonsuolluuh	Salomonsullot	Salomoon-suõllu			Salomonøyene	Solomon Islands	Соломоновы Острова
http://www.wikidata.org/entity/Q686	Vanuatu	Vanuatu	Vanuatu	Vanuatu			Vanuatu	Vanuatu	Вануату
http://www.wikidata.org/entity/Q691	Papua-Uusi-Guinea	Papua-Uđđâ-Guinea	Papua Ođđa-Guinea	Papua-Ođđ-Guinea			Papua Ny-Guinea	Papua New Guinea	Папуа — Новая Гвинея
http://www.wikidata.org/entity/Q695	Palau	Palau	Palau	Palau			Palau	Palau	Палау
http://www.wikidata.org/entity/Q697	Nauru	Nauru	Nauru	Nauru			Nauru	Nauru	Науру
http://www.wikidata.org/entity/Q45	Portugali	Portugal	Portugal	Portugal	Pårtugaal		Portugal	Portugal	Португалия
http://www.wikidata.org/entity/Q77	Uruguay	Uruguay	Uruguay	Uruguay			Uruguay	Uruguay	Уругвай
http://www.wikidata.org/entity/Q79	Egypti	Egypt	Egypta	Egyptt		Egippta	Egypt	Egypt	Египет
http://www.wikidata.org/entity/Q702	Mikronesia	Mikronesia	Mikronesia	Mikronesia			Mikronesiaføderasjonen	Federated States of Micronesia	Федеративные Штаты Микронезии
http://www.wikidata.org/entity/Q709	Marshallinsaaret	Marshallsuolluuh	Marshallsullot	Marshall-suõllu			Marshalløyene	Marshall Islands	Маршалловы Острова
http://www.wikidata.org/entity/Q710	Kiribati	Kiribati	Kiribati	Kiribaat			Kiribati	Kiribati	Кирибати
http://www.wikidata.org/entity/Q711	Mongolia	Mongolia	Mongolia	Mongolia			Mongolia	Mongolia	Монголия
http://www.wikidata.org/entity/Q96	Meksiko	Meksiko	Meksiko	Meksiko			Mexico	Mexico	Мексика
http://www.wikidata.org/entity/Q712	Fidži	Fidži	Fiži	Fidži			Fiji	Fiji	Фиджи
http://www.wikidata.org/entity/Q114	Kenia	Kenia	Kenia	Kenia		Kännja	Kenya	Kenya	Кения
http://www.wikidata.org/entity/Q717	Venezuela	Venezuela	Venezuela	Venezuela			Venezuela	Venezuela	Венесуэла
http://www.wikidata.org/entity/Q115	Etiopia	Etiopia	Etiopia	Etiopia		Etiåvppå	Etiopia	Ethiopia	Эфиопия
http://www.wikidata.org/entity/Q730	Suriname	Suriname	Suriname	Surinaam			Surinam	Suriname	Суринам
http://www.wikidata.org/entity/Q117	Ghana	Ghana	Ghana	Ghana		Gádná	Ghana	Ghana	Гана
http://www.wikidata.org/entity/Q733	Paraguay	Paraguay	Paraguay	Paraguay			Paraguay	Paraguay	Парагвай
http://www.wikidata.org/entity/Q142	Ranska	Ranska	Frankriika	Franskkjânnam	Frankriike		Frankrike	France	Франция
http://www.wikidata.org/entity/Q734	Guyana	Guyana	Guyana	Guyana			Guyana	Guyana	Гайана
http://www.wikidata.org/entity/Q736	Ecuador	Ecuador	Ecuador	Ecuador			Ecuador	Ecuador	Эквадор
http://www.wikidata.org/entity/Q739	Kolumbia	Kolumbia	Colombia	Kolumbia			Colombia	Colombia	Колумбия
http://www.wikidata.org/entity/Q145	Yhdistynyt kuningaskunta	Ovtâstum kunâgâskodde	Ovttastuvvan gonagasriika	Õhttõõvvâm koonǥõskåʹdd	Stoerebritannia		Storbritannia	United Kingdom	Великобритания
http://www.wikidata.org/entity/Q148	Kiina	Kiina	Kiinná	Ǩiina			Kina	People's Republic of China	Китай
http://www.wikidata.org/entity/Q750	Bolivia	Bolivia	Bolivia	Bolivia			Bolivia	Bolivia	Боливия
http://www.wikidata.org/entity/Q754	Trinidad ja Tobago	Trinidad já Tobago	Trinidad ja Tobago	Trinidad da Tobago			Trinidad og Tobago	Trinidad and Tobago	Тринидад и Тобаго
http://www.wikidata.org/entity/Q155	Brasilia	Brasilia	Brasilia	Brasilia			Brasil	Brazil	Бразилия
http://www.wikidata.org/entity/Q159	Venäjä	Ruoššâ	Ruošša	Ruõššjânnam	Russlaante	Gárjjel	Russland	Russia	Россия
http://www.wikidata.org/entity/Q757	Saint Vincent ja Grenadiinit	Saint Vincent já Grenadiineh	Saint Vincent ja Grenadiinnat	Saint Vincent da Grenadiin			Saint Vincent og Grenadinene	Saint Vincent and the Grenadines	Сент-Винсент и Гренадины
http://www.wikidata.org/entity/Q760	Saint Lucia	Saint Lucia	Saint Lucia	Saint Lucia			Saint Lucia	Saint Lucia	Сент-Люсия
http://www.wikidata.org/entity/Q766	Jamaika	Jamaika	Jamaica	Jamaika			Jamaica	Jamaica	Ямайка
http://www.wikidata.org/entity/Q763	Saint Kitts ja Nevis	Saint Kitts já Nevis	Saint Kitts ja Nevis	Saint Kitts da Nevis			Saint Kitts og Nevis	Saint Kitts and Nevis	Сент-Китс и Невис
http://www.wikidata.org/entity/Q183	Saksa	Saksa	Duiska	Saksslajânnam	Tysklaante	Tusklánnda	Tyskland	Germany	Германия
http://www.wikidata.org/entity/Q184	Valko-Venäjä	Vielgis-Ruoššâ	Vilges-Ruošša	Belarus			Belarus	Belarus	Белоруссия
http://www.wikidata.org/entity/Q769	Grenada	Grenada	Grenada	Grenada			Grenada	Grenada	Гренада
http://www.wikidata.org/entity/Q774	Guatemala	Guatemala	Guatemala	Guatemala			Guatemala	Guatemala	Гватемала
http://www.wikidata.org/entity/Q189	Islanti	Island	Islánda	Islantt	Jïengelaante		Island	Iceland	Исландия
http://www.wikidata.org/entity/Q778	Bahama	Bahamasuolluuh	Bahamasullot	Bahama			Bahamas	The Bahamas	Багамские Острова
http://www.wikidata.org/entity/Q191	Viro	Eesti	Estteeana	Eestijânnam	Estlaante	Estlánnda	Estland	Estonia	Эстония
http://www.wikidata.org/entity/Q781	Antigua ja Barbuda	Antigua já Barbuda	Antigua ja Barbuda	Antigua da Barbuda		Antijgga ja Barbuvdda	Antigua og Barbuda	Antigua and Barbuda	Антигуа и Барбуда
http://www.wikidata.org/entity/Q783	Honduras	Honduras	Honduras	Honduras		Hondurra	Honduras	Honduras	Гондурас
http://www.wikidata.org/entity/Q211	Latvia	Latvia	Latvia	Latvia	Lettlaante		Latvia	Latvia	Латвия
http://www.wikidata.org/entity/Q784	Dominica	Dominica	Dominica	Dominica			Dominica	Dominica	Доминика
http://www.wikidata.org/entity/Q212	Ukraina	Ukraina	Ukraina	Ukraina			Ukraina	Ukraine	Украина
http://www.wikidata.org/entity/Q213	Tšekki	Tšekki	Čeahkka	Tšekk	Tjekkia		Tsjekkia	Czech Republic	Чехия
http://www.wikidata.org/entity/Q786	Dominikaaninen tasavalta	Dominikaanisâš täsiväldi	Dominikána dásseváldi	Dominikaanlaž tääʹssväʹldd			Den dominikanske republikk	Dominican Republic	Доминиканская Республика
http://www.wikidata.org/entity/Q790	Haiti	Haiti	Haiti	Haiti			Haiti	Haiti	Гаити
http://www.wikidata.org/entity/Q214	Slovakia	Slovakia	Slovakia	Slovakia	Slovaakia		Slovakia	Slovakia	Словакия
http://www.wikidata.org/entity/Q792	El Salvador	El Salvador	El Salvador	El Salvador			El Salvador	El Salvador	Сальвадор
http://www.wikidata.org/entity/Q215	Slovenia	Slovenia	Slovenia	Slovenia	Sloveenia		Slovenia	Slovenia	Словения
http://www.wikidata.org/entity/Q217	Moldova	Moldova	Moldova	Moldova			Moldova	Moldova	Молдавия
http://www.wikidata.org/entity/Q794	Iran	Iran	Iran	Iraan			Iran	Iran	Иран
http://www.wikidata.org/entity/Q218	Romania	Romania	Romania	Romania	Rumäänia	Romádna	Romania	Romania	Румыния
http://www.wikidata.org/entity/Q796	Irak	Irak	Irak	Irakk			Irak	Iraq	Ирак
http://www.wikidata.org/entity/Q219	Bulgaria	Bulgaria	Bulgária	Bulgaria	Bulgaaria		Bulgaria	Bulgaria	Болгария
http://www.wikidata.org/entity/Q800	Costa Rica	Costa Rica	Costa Rica	Costa Rica			Costa Rica	Costa Rica	Коста-Рика
http://www.wikidata.org/entity/Q221	Pohjois-Makedonia	Tave-Makedonia	Davvi-Makedonia	Tâʹvv-Makedonia			Nord-Makedonia	North Macedonia	Северная Македония
http://www.wikidata.org/entity/Q222	Albania	Albania	Albania	Albania			Albania	Albania	Албания
http://www.wikidata.org/entity/Q801	Israel	Israel	Israel	Israel		Israella	Israel	Israel	Израиль
http://www.wikidata.org/entity/Q804	Panama	Panama	Panama	Panama			Panama	Panama	Панама
http://www.wikidata.org/entity/Q224	Kroatia	Kroatia	Kroatia	Kroatia			Kroatia	Croatia	Хорватия
http://www.wikidata.org/entity/Q805	Jemen	Jemen	Jemen	Jemeeʹn			Jemen	Yemen	Йемен
http://www.wikidata.org/entity/Q810	Jordania	Jordania	Jordania	Jordania			Jordan	Jordan	Иордания
http://www.wikidata.org/entity/Q225	Bosnia ja Hertsegovina	Bosnia-Hertsegovina	Bosnia ja Hercegovina	Bosnia da Herzegovina			Bosnia-Hercegovina	Bosnia and Herzegovina	Босния и Герцеговина
http://www.wikidata.org/entity/Q227	Azerbaidžan	Azerbaidžan	Azerbaižan	Azerbaidžaan		Azerbajánna	Aserbajdsjan	Azerbaijan	Азербайджан
http://www.wikidata.org/entity/Q813	Kirgisia	Kirgisia	Kirgisistan	Kirgisia			Kirgisistan	Kyrgyzstan	Кыргызстан
http://www.wikidata.org/entity/Q811	Nicaragua	Nicaragua	Nicaragua	Nicaragua			Nicaragua	Nicaragua	Никарагуа
http://www.wikidata.org/entity/Q817	Kuwait	Kuwait	Kuwait	Kuwaitt			Kuwait	Kuwait	Кувейт
http://www.wikidata.org/entity/Q228	Andorra	Andorra	Andorra	Andorr			Andorra	Andorra	Андорра
http://www.wikidata.org/entity/Q819	Laos	Laos	Laos	Laos		Laåvsså	Laos	Laos	Лаос
http://www.wikidata.org/entity/Q229	Kypros	Kypros	Kypros	Kypros	Syypern	Cypråvsså	Kypros	Cyprus	Кипр
http://www.wikidata.org/entity/Q822	Libanon	Libanon	Libanon	Libanoon			Libanon	Lebanon	Ливан
http://www.wikidata.org/entity/Q230	Georgia	Georgia	Georgia	Georgia	Georgia		Georgia	Georgia	Грузия
http://www.wikidata.org/entity/Q826	Malediivit	Malediiveh	Malediivvat	Malediiv			Maldivene	Maldives	Мальдивы
http://www.wikidata.org/entity/Q833	Malesia	Malesia	Malesia	Malesia		Malájssa	Malaysia	Malaysia	Малайзия
http://www.wikidata.org/entity/Q232	Kazakstan	Kazakstan	Kazakstan	Kazakstaan		Kazakstádna	Kasakhstan	Kazakhstan	Казахстан
http://www.wikidata.org/entity/Q837	Nepal	Nepal	Nepal	Nepal			Nepal	Nepal	Непал
http://www.wikidata.org/entity/Q836	Myanmar	Myanmar	Myanmar	Myanmar			Myanmar	Myanmar	Мьянма
http://www.wikidata.org/entity/Q842	Oman	Oman	Oman	Omaan			Oman	Oman	Оман
http://www.wikidata.org/entity/Q233	Malta	Malta	Malta	Malta	Malta		Malta	Malta	Мальта
http://www.wikidata.org/entity/Q235	Monaco	Monaco	Monaco	Monaco			Monaco	Monaco	Монако
http://www.wikidata.org/entity/Q843	Pakistan	Pakistan	Pakistan	Pakistaan			Pakistan	Pakistan	Пакистан
http://www.wikidata.org/entity/Q236	Montenegro	Montenegro	Montenegro	Montenegro			Montenegro	Montenegro	Черногория
http://www.wikidata.org/entity/Q846	Qatar	Qatar	Qatar	Qataar			Qatar	Qatar	Катар
http://www.wikidata.org/entity/Q237	Vatikaani	Vatikaanriijkâ	Vatikána	Vatikaan			Vatikanstaten	Vatican City	Ватикан
http://www.wikidata.org/entity/Q851	Saudi-Arabia	Saudi-Arabia	Saudi-Arábia	Saudi-Arabia			Saudi-Arabia	Saudi Arabia	Саудовская Аравия
http://www.wikidata.org/entity/Q238	San Marino	San Marino	San Marino	San Marino	San Marino	San Marino	San Marino	San Marino	Сан-Марино
http://www.wikidata.org/entity/Q242	Belize	Belize	Belize	Belize		Belijssa	Belize	Belize	Белиз
http://www.wikidata.org/entity/Q854	Sri Lanka	Sri Lanka	Sri Lanka	Sri Lanka			Sri Lanka	Sri Lanka	Шри-Ланка
http://www.wikidata.org/entity/Q948	Tunisia	Tunisia	Tunisia	Tunisia			Tunisia	Tunisia	Тунис
http://www.wikidata.org/entity/Q953	Sambia	Zambia	Zambia	Sambia		Sámmba	Zambia	Zambia	Замбия
http://www.wikidata.org/entity/Q858	Syyria	Syyria	Syria	Syyria			Syria	Syria	Сирия
http://www.wikidata.org/entity/Q954	Zimbabwe	Zimbabwe	Zimbabwe	Zimbabwe			Zimbabwe	Zimbabwe	Зимбабве
http://www.wikidata.org/entity/Q958	Etelä-Sudan	Maadâ-Sudan	Lulli-Sudan	Saujj-Sudaan			Sør-Sudan	South Sudan	Южный Судан
http://www.wikidata.org/entity/Q962	Benin	Benin	Benin	Beniin		Benijnna	Benin	Benin	Бенин
http://www.wikidata.org/entity/Q863	Tadžikistan	Tadžikistan	Tažikistan	Tadžikistaan			Tadsjikistan	Tajikistan	Таджикистан
http://www.wikidata.org/entity/Q963	Botswana	Botswana	Botswana	Botswana			Botswana	Botswana	Ботсвана
http://www.wikidata.org/entity/Q965	Burkina Faso	Burkina Faso	Burkina Faso	Burkina Faso			Burkina Faso	Burkina Faso	Буркина-Фасо
http://www.wikidata.org/entity/Q967	Burundi	Burundi	Burundi	Burundd		Burunndi	Burundi	Burundi	Бурунди
http://www.wikidata.org/entity/Q865	Taiwan	Taiwan	Taiwan	Taiwaan			Taiwan	Taiwan	Китайская Республика (Тайвань)
http://www.wikidata.org/entity/Q869	Thaimaa	Thaieennâm	Thaieana	Thaijânnam			Thailand	Thailand	Таиланд
http://www.wikidata.org/entity/Q970	Komorit	Komoreh	Komorosullot	Komoor		Komåvrrå	Komorene	Comoros	Коморы
http://www.wikidata.org/entity/Q971	Kongon tasavalta	Kongo täsiväldi	Kongo dásseváldi	Kongo tääʹssväʹldd			Republikken Kongo	Republic of the Congo	Республика Конго
http://www.wikidata.org/entity/Q874	Turkmenistan	Turkmenistan	Turkmenistan	Turkmenistaan			Turkmenistan	Turkmenistan	Туркменистан
http://www.wikidata.org/entity/Q974	Kongon demokraattinen tasavalta	Kongo demokraatlâš täsiväldi	Kongo demokráhtalaš dásseváldi	Kongo demokraattlaž tääʹssväʹldd			Den demokratiske republikken Kongo	Democratic Republic of the Congo	Демократическая Республика Конго
http://www.wikidata.org/entity/Q977	Djibouti	Djibouti	Djibouti	Djibouti			Djibouti	Djibouti	Джибути
http://www.wikidata.org/entity/Q878	Yhdistyneet arabiemiirikunnat	Ovtâstum arabiemiirikodeh	Ovttastuvvan arábaemiráhtat	Õhttõõvvâm araabemiirkååʹdd			De forente arabiske emirater	United Arab Emirates	Объединённые Арабские Эмираты
http://www.wikidata.org/entity/Q881	Vietnam	Vietnam	Vietnam	Vietnaam			Vietnam	Vietnam	Вьетнам
http://www.wikidata.org/entity/Q983	Päiväntasaajan Guinea	Peeivitäsideijee Guinea	Ekvatoriála Guinea	Peiʹvvtaʹssjeei Guinea			Ekvatorial-Guinea	Equatorial Guinea	Экваториальная Гвинея
http://www.wikidata.org/entity/Q986	Eritrea	Eritrea	Eritrea	Eritrea			Eritrea	Eritrea	Эритрея
http://www.wikidata.org/entity/Q1005	Gambia	Gambia	Gambia	Gambia			Gambia	The Gambia	Гамбия
http://www.wikidata.org/entity/Q1000	Gabon	Gabon	Gabon	Gaboon		Gabåvnnå	Gabon	Gabon	Габон
http://www.wikidata.org/entity/Q1006	Guinea	Guinea	Guinea	Guinea			Guinea	Guinea	Гвинея
http://www.wikidata.org/entity/Q884	Korean tasavalta	Maadâ-Korea	Lulli-Korea	Saujj-Korea			Sør-Korea	South Korea	Республика Корея
http://www.wikidata.org/entity/Q1007	Guinea-Bissau	Guinea-Bissau	Guinea-Bissau	Guinea-Bissau			Guinea-Bissau	Guinea-Bissau	Гвинея-Бисау
http://www.wikidata.org/entity/Q889	Afganistan	Afganistan	Afganistána	Afganistaan		Afganistádna	Afghanistan	Afghanistan	Афганистан
http://www.wikidata.org/entity/Q1008	Norsunluurannikko	Elefanttähtiriddo	Elefántačalánriddu	Njuʹršščåållanjreddtõk		Bádnemergádde	Elfenbenskysten	Ivory Coast	Кот-д’Ивуар
http://www.wikidata.org/entity/Q1009	Kamerun	Kamerun	Kamerun	Kameruun		Kameruvnna	Kamerun	Cameroon	Камерун
http://www.wikidata.org/entity/Q902	Bangladesh	Bangladesh	Bangladesh	Bangladeš			Bangladesh	Bangladesh	Бангладеш
http://www.wikidata.org/entity/Q1011	Kap Verde	Kap Verde	Kap Verde	Kap Verde			Kapp Verde	Cape Verde	Кабо-Верде
http://www.wikidata.org/entity/Q912	Mali	Mali	Mali	Mali			Mali	Mali	Мали
http://www.wikidata.org/entity/Q1013	Lesotho	Lesotho	Lesotho	Lesotho			Lesotho	Lesotho	Лесото
http://www.wikidata.org/entity/Q916	Angola	Angola	Angola	Angola		Angåvllå	Angola	Angola	Ангола
http://www.wikidata.org/entity/Q1014	Liberia	Liberia	Liberia	Liberia			Liberia	Liberia	Либерия
http://www.wikidata.org/entity/Q1016	Libya	Libya	Libya	Libya			Libya	Libya	Ливия
http://www.wikidata.org/entity/Q917	Bhutan	Bhutan	Bhutan	Bhutaan			Bhutan	Bhutan	Бутан
http://www.wikidata.org/entity/Q921	Brunei	Brunei	Brunei	Brunei			Brunei	Brunei	Бруней
http://www.wikidata.org/entity/Q1019	Madagaskar	Madagaskar	Madagaskar	Madagaskar		Madagáskar	Madagaskar	Madagascar	Мадагаскар
http://www.wikidata.org/entity/Q924	Tansania	Tansania	Tanzania	Tansania			Tanzania	Tanzania	Танзания
http://www.wikidata.org/entity/Q928	Filippiinit	Filippiineh	Filipiinnat	Filippiin		Filippijnna	Filippinene	Philippines	Филиппины
http://www.wikidata.org/entity/Q1020	Malawi	Malawi	Malawi	Malaaw			Malawi	Malawi	Малави
http://www.wikidata.org/entity/Q1025	Mauritania	Mauritania	Mauritánia	Mauritania			Mauritania	Mauritania	Мавритания
http://www.wikidata.org/entity/Q929	Keski-Afrikan tasavalta	Koskâ-Afrik täsiväldi	Gaska-Afrihká dásseváldi	Kõskk-Afriikk tääʹssväʹldd			Den sentralafrikanske republikk	Central African Republic	Центральноафриканская Республика
http://www.wikidata.org/entity/Q945	Togo	Togo	Togo	Togo			Togo	Togo	Того
http://www.wikidata.org/entity/Q1027	Mauritius	Mauritius	Mauritius	Mauritius			Mauritius	Mauritius	Маврикий
http://www.wikidata.org/entity/Q756617	Tanskan kuningaskunta	Tanska kunâgâskodde	Dánmárkku gonagasriika	Tanska koonǥõskåʹdd	Danmarhke		Kongeriket Danmark	Kingdom of Denmark	Датское королевство
http://www.wikidata.org/entity/Q219060	Palestiina						Palestina	State of Palestine	Государство Палестина
http://www.wikidata.org/entity/Q23366230							République de Genève	Republic of Geneva	Республика Женева
http://www.wikidata.org/entity/Q1028	Marokko	Marokko	Marokko	Marokko			Marokko	Morocco	Марокко
http://www.wikidata.org/entity/Q5185064	Ming-dynastia						Ming-dynastiet	House of Zhu	династия Мин
http://www.wikidata.org/entity/Q1029	Mosambik	Mosambik	Mosambik	Mosambikk			Mosambik	Mozambique	Мозамбик
http://www.wikidata.org/entity/Q1030	Namibia	Namibia	Namibia	Namibia			Namibia	Namibia	Намибия
http://www.wikidata.org/entity/Q1032	Niger	Niger	Niger	Niger			Niger	Niger	Нигер
http://www.wikidata.org/entity/Q1033	Nigeria	Nigeria	Nigeria	Nigeria			Nigeria	Nigeria	Нигерия
http://www.wikidata.org/entity/Q1036	Uganda	Uganda	Uganda	Uganda			Uganda	Uganda	Уганда
http://www.wikidata.org/entity/Q1037	Ruanda	Ruanda	Rwanda	Ruanda			Rwanda	Rwanda	Руанда
http://www.wikidata.org/entity/Q1039	São Tomé ja Príncipe	São Tomé já Principe	São Tomé ja Príncipe	São Tomé da Principe			São Tomé og Príncipe	São Tomé and Príncipe	Сан-Томе и Принсипи
http://www.wikidata.org/entity/Q1041	Senegal	Senegal	Senegal	Senegal			Senegal	Senegal	Сенегал
http://www.wikidata.org/entity/Q1042	Seychellit	Seychelleh	Seychellat	Seycheeʹll			Seychellene	Seychelles	Сейшельские Острова
http://www.wikidata.org/entity/Q1044	Sierra Leone	Sierra Leone	Sierra Leone	Sierra Leone			Sierra Leone	Sierra Leone	Сьерра-Леоне
http://www.wikidata.org/entity/Q1045	Somalia	Somalia	Somália	Somalia			Somalia	Somalia	Сомали
http://www.wikidata.org/entity/Q1049	Sudan	Sudan	Sudan	Sudaan			Sudan	Sudan	Судан
http://www.wikidata.org/entity/Q1050	Swazimaa	Swazieennâm	Swazieana	Swazijânnam			Eswatini	Eswatini	Эсватини
http://www.wikidata.org/entity/Q29999	Alankomaiden kuningaskunta	Vuáládâhenâmij kunâgâskodde	Vuolleeatnamiid gonagasriika	Vueʹllʼjânnam koonǥõskåʹdd			Kongeriket Nederlandene	Kingdom of the Netherlands	Королевство Нидерландов
http://www.wikidata.org/entity/Q3932086									
http://www.wikidata.org/entity/Q12355069								Serendip	
http://www.wikidata.org/entity/Q13100640								Ceylon	
http://www.wikidata.org/entity/Q13125117								Unyasa	
http://www.wikidata.org/entity/Q12891054								Ginen	
http://www.wikidata.org/entity/Q98	Tyynimeri	Kuálhismeerâ	Jaskesáhpi	Kuäʹlǩǩmiârr			Stillehavet	Pacific Ocean	Тихий океан
http://www.wikidata.org/entity/Q128880	Arafuranmeri						Arafurasjøen	Arafura Sea	Арафурское море
http://www.wikidata.org/entity/Q81499	Kelttimeri						Keltersjøen	Celtic Sea	Кельтское море
http://www.wikidata.org/entity/Q131274	Beaufortinmeri						Beauforthavet	Beaufort Sea	Море Бофорта
http://www.wikidata.org/entity/Q131418	Timorinmeri						Timorsjøen	Timor Sea	Тиморское море
http://www.wikidata.org/entity/Q1239	Intian valtameri	India väldimeerâ		Intia väʹlddmiârr			Indiahavet	Indian Ocean	Индийский океан
http://www.wikidata.org/entity/Q132868	Grönlanninmeri						Grønlandshavet	Greenland Sea	Гренландское море
http://www.wikidata.org/entity/Q150370	Floresinmeri						Floressjøen	Flores Sea	Море Флорес
http://www.wikidata.org/entity/Q1247	Karibianmeri	Karibiameerâ	Karibiamearra	Karibiamiârr			Det karibiske hav	Caribbean Sea	Карибское море
http://www.wikidata.org/entity/Q159183	Filippiinienmeri						Filippinerhavet	Philippine Sea	Филиппинское море
http://www.wikidata.org/entity/Q4918	Välimeri	Koskâmeerâ	Gaskamearra	Kõskkmiârr			Middelhavet	Mediterranean Sea	Средиземное море
http://www.wikidata.org/entity/Q159252	Tšuktšimeri						Tsjuktsjerhavet	Chukchi Sea	Чукотское море
http://www.wikidata.org/entity/Q1693	Pohjanmeri	Tavemeerâ	Davvimearra	Vuâđđmiârr			Nordsjøen	North Sea	Северное море
http://www.wikidata.org/entity/Q160194	Sulunmeri						Sulusjøen	Sulu Sea	Море Сулу
http://www.wikidata.org/entity/Q163434	Itä-Siperian meri						Øst-Sibir-havet	East Siberian Sea	Восточно-Сибирское море
http://www.wikidata.org/entity/Q164466	Rossinmeri						Rosshavet	Ross Sea	Море Росса
http://www.wikidata.org/entity/Q169274	Sargassomeri						Sargassohavet	Sargasso Sea	Саргассово море
http://www.wikidata.org/entity/Q173343	Weddellinmeri						Weddellhavet	Weddell Sea	Море Уэдделла
http://www.wikidata.org/entity/Q171510	Bandanmeri						Bandasjøen	Banda Sea	Море Банда
http://www.wikidata.org/entity/Q13924	Adrianmeri	Adriameerâ	Adriamearra	Adriamiârr			Adriaterhavet	Adriatic Sea	Адриатическое море
http://www.wikidata.org/entity/Q19270	Celebesinmeri						Celebessjøen	Celebes Sea	Сулавеси
http://www.wikidata.org/entity/Q184189	Labradorinmeri						Labradorsjøen	Labrador Sea	Море Лабрадор
http://www.wikidata.org/entity/Q14686	Suomenlahti	Suomâluohtâ	Suomaluokta	Lääʹddluhtt			Finskebukta	Gulf of Finland	Финский залив
http://www.wikidata.org/entity/Q181969	Bohainmeri						Bohai	Bohai Sea	Бохайский залив
http://www.wikidata.org/entity/Q23406	Punainenmeri	Ruopsismeerâ	Ruksesmearra	Ruõʹpssesmiârr			Rødehavet	Red Sea	Красное море
http://www.wikidata.org/entity/Q26080	Vattimeri						Vadehavet	Wadden Sea	Ваттовое море
http://www.wikidata.org/entity/Q193149	Kreetanmeri						Kretahavet	Sea of Crete	Критское море
http://www.wikidata.org/entity/Q185291	Molukkienmeri						Molukksjøen	Molucca Sea	Молуккское море
http://www.wikidata.org/entity/Q193465	Savunmeri						Savusjøen	Savu Sea	Море Саву
http://www.wikidata.org/entity/Q33629	Karanmeri						Karahavet	Kara Sea	Карское море
http://www.wikidata.org/entity/Q199436	Bismarckinmeri						Bismarcksjøen	Bismarck Sea	Новогвинейское море
http://www.wikidata.org/entity/Q34575	Egeanmeri						Egeerhavet	Aegean Sea	Эгейское море
http://www.wikidata.org/entity/Q199479	Salomonmeri						Salomonsjøen	Solomon Sea	Соломоново море
http://www.wikidata.org/entity/Q33254	Tasmaninmeri						Tasmanhavet	Tasman Sea	Тасманово море
http://www.wikidata.org/entity/Q34640	Englannin kanaali						Den engelske kanal	English Channel	Ла-Манш
http://www.wikidata.org/entity/Q34675	Persianlahti	Persialuohtâ	Persialuokta	Persialuhtt			Persiabukten	Persian Gulf	Персидский залив
http://www.wikidata.org/entity/Q212083	Halmaheranmeri						Halmaherasjøen	Halmahera Sea	Море Хальмахера
http://www.wikidata.org/entity/Q200712	Baleaarienmeri						Baleariske hav	Balearic Sea	Балеарское море
http://www.wikidata.org/entity/Q210855	Seraminmeri						Seramsjøen	Seram Sea	Море Серам
http://www.wikidata.org/entity/Q204703	Scotianmeri						Scotiahavet	Scotia Sea	Море Скоша
http://www.wikidata.org/entity/Q259929								Wandel Sea	Море Ванделя
http://www.wikidata.org/entity/Q271043	Ahvenanmeri						Ålandshavet	Sea of Åland	Аландское море
http://www.wikidata.org/entity/Q277014	Balinmeri						Balisjøen	Bali Sea	Бали
http://www.wikidata.org/entity/Q243125	Lincolninmeri						Lincolnsjøen	Lincoln Sea	Море Линкольна
http://www.wikidata.org/entity/Q217501	Petšoranmeri						Petsjorahavet	Pechora Sea	Печорское море
http://www.wikidata.org/entity/Q35000	Asovanmeri						Azovhavet	Sea of Azov	Азовское море
http://www.wikidata.org/entity/Q392623							Samarsjøen	Samar Sea	Море Самар
http://www.wikidata.org/entity/Q379063	Traakianmeri						Det trakiske hav	Thracian Sea	Фракийское море
http://www.wikidata.org/entity/Q315954								Koro Sea	Море Коро
http://www.wikidata.org/entity/Q350134	Pohjois-Atlantti	Tave-Atlant	Davvi-Atlánta	Tâʹvv-Atlantt			Nord-Atlanteren	North Atlantic Ocean	Северная Атлантика
http://www.wikidata.org/entity/Q509321							Davishavet	Davis Sea	Море Дейвиса
http://www.wikidata.org/entity/Q37040	Baffininlahti						Baffinbukta	Baffin Bay	Море Баффина
http://www.wikidata.org/entity/Q489170							Jiaozhou	Jiaozhou Bay	Цзяочжоу
http://www.wikidata.org/entity/Q474708	Visayaninmeri						Visaya-havet	Visayan Sea	Море Висаян
http://www.wikidata.org/entity/Q37960	Keltainenmeri						Gulehavet	Yellow Sea	Жёлтое море
http://www.wikidata.org/entity/Q544914	Lakkadiivienmeri						Lakkadivhavet	Laccadive Sea	Лаккадивское море
http://www.wikidata.org/entity/Q594834	Sibuyaninmeri							Sibuyan Sea	Сибуян
http://www.wikidata.org/entity/Q650654	Saaristomeri						Skjærgårdshavet	Archipelago Sea	Архипелаговое море
http://www.wikidata.org/entity/Q37660	Etelä-Kiinan meri			Saujj-Ǩiina -miârr			Sør-Kina-havet	South China Sea	Южно-Китайское море
http://www.wikidata.org/entity/Q748696							Det levantinske havet	Levantine Sea	Левантийское море
http://www.wikidata.org/entity/Q738028	Libyanmeri						Libyahavet	Libyan Sea	Ливийское море
http://www.wikidata.org/entity/Q38882	Tyrrhenanmeri						Tyrrenhavet	Tyrrhenian Sea	Тирренское море
http://www.wikidata.org/entity/Q41735	Irlanninmeri	Irlandmeerâ					Irskesjøen	Irish Sea	Ирландское море
http://www.wikidata.org/entity/Q840427	Myrtóonmeri							Myrtoan Sea	Миртойское море
http://www.wikidata.org/entity/Q44725	Beringinmeri						Beringhavet	Bering Sea	Берингово море
http://www.wikidata.org/entity/Q938709	Mastogloiameri							Mastogloia Sea	Мастоглоевое море
http://www.wikidata.org/entity/Q45823	Barentsinmeri	Barentsmeerâ	Barentsáhpi				Barentshavet	Barents Sea	Баренцево море
http://www.wikidata.org/entity/Q47545	Norjanmeri	Taažâmeerâ	Norggamearra				Norskehavet	Norwegian Sea	Норвежское море
http://www.wikidata.org/entity/Q1251080								Chilean Sea	Чилийское море
http://www.wikidata.org/entity/Q1363807								Erythraean Sea	Эритрейское море
http://www.wikidata.org/entity/Q970130	Argentiinanmeri							Argentine Sea	Аргентинское море
http://www.wikidata.org/entity/Q1061490	Champlainmeri							Champlain Sea	Море Шамплена
http://www.wikidata.org/entity/Q1542675								Irminger Sea	Море Ирмингера
http://www.wikidata.org/entity/Q1509546								Cosmonauts Sea	Море Космонавтов
http://www.wikidata.org/entity/Q1393536							Kong Haakon 7 Hav	King Haakon VII Sea	Море Короля Хокона VII
http://www.wikidata.org/entity/Q1391243							Dumont d’Urvillehavet	D'Urville Sea	море Дюрвиля
http://www.wikidata.org/entity/Q49364	Jaavanmeri						Javasjøen	Java Sea	Яванское море
http://www.wikidata.org/entity/Q1404920								Somov Sea	Море Сомова
http://www.wikidata.org/entity/Q1482804	Etelä-Atlantti	Maadâ-Atlant	Lulli-Atlánta	Saujj-Atlantt			Syd-Atlanten	South Atlantic Ocean	Южная Атлантика
http://www.wikidata.org/entity/Q47632	Andamaanienmeri						Andamanhavet	Andaman Sea	Андаманское море
http://www.wikidata.org/entity/Q58705	Arabianmeri	Arabiameerâ		Arabiamiârr			Arabiahavet	Arabian Sea	Аравийское море
http://www.wikidata.org/entity/Q1913944								Euxeinos Pontos	Понт Эвксинский
http://www.wikidata.org/entity/Q1902276							Mawsonhavet	Mawson Sea	Море Моусона
http://www.wikidata.org/entity/Q113562091									Сейшельское море
http://www.wikidata.org/entity/Q111384107							Middelhavsområdet	Mediterranean Sea Area	регион Средиземного моря
http://www.wikidata.org/entity/Q113547460									Юкатанское море
http://www.wikidata.org/entity/Q113547766									Багамское море
http://www.wikidata.org/entity/Q113634843									Море Парри
http://www.wikidata.org/entity/Q1576011								Riiser-Larsen Sea	Море Рисер-Ларсена
http://www.wikidata.org/entity/Q1576063								Lazarev Sea	Море Лазарева
http://www.wikidata.org/entity/Q1640853	Ikaríanmeri							Icarian Sea	Икарийское море
http://www.wikidata.org/entity/Q13402972								Shantar Sea	Шантарское море
http://www.wikidata.org/entity/Q21659469									Понтическое море
http://www.wikidata.org/entity/Q2006740	Litorinameri						Littorinahavet	Littorina Sea	Литориновое море
http://www.wikidata.org/entity/Q1971856	Hebridien meri							Sea of the Hebrides	Гебридское море
http://www.wikidata.org/entity/Q2068404								Cyprus sea	Кипрское море
http://www.wikidata.org/entity/Q2067956	Väinämeri							Väinameri	Вяйнамери
http://www.wikidata.org/entity/Q2085564								Cooperation Sea	Море Содружества
http://www.wikidata.org/entity/Q2010428	Yoldiameri						Yoldiahavet	Yoldia Sea	Иольдиевое море
http://www.wikidata.org/entity/Q2090594								Cantabrian Sea	Бискайский залив
http://www.wikidata.org/entity/Q2322479								Prince Gustav Adolf Sea	Море Густава-Адольфа
http://www.wikidata.org/entity/Q3301962							Østlige Middelhav	Eastern Mediterranean	Восточное Средиземноморье
http://www.wikidata.org/entity/Q2355931								Fiji Sea	Море Фиджи
http://www.wikidata.org/entity/Q10537328							Islandshavet	Iceland Sea	Исландское море
http://www.wikidata.org/entity/Q3705990							Det pannoniske havet	Pannonian Sea	Паннонское море
http://www.wikidata.org/entity/Q12353254							Nord-Stillehavet	North Pacific Ocean	Северный Тихий океан
http://www.wikidata.org/entity/Q3846739									
http://www.wikidata.org/entity/Q11785663									
http://www.wikidata.org/entity/Q11931930									
http://www.wikidata.org/entity/Q12343704									
http://www.wikidata.org/entity/Q25024224									
http://www.wikidata.org/entity/Q25117278									
http://www.wikidata.org/entity/Q25159890									
http://www.wikidata.org/entity/Q27259779									
http://www.wikidata.org/entity/Q49096191									
http://www.wikidata.org/entity/Q49096199									
http://www.wikidata.org/entity/Q49096196									
http://www.wikidata.org/entity/Q49096208									
http://www.wikidata.org/entity/Q49096225									
http://www.wikidata.org/entity/Q3306193								West Philippine Sea	
http://www.wikidata.org/entity/Q5353147								Eromanga Sea	
http://www.wikidata.org/entity/Q20055349							Det lykiske hav	Lycian Sea	
http://www.wikidata.org/entity/Q79826481								Dutch Wadden Sea	
http://www.wikidata.org/entity/Q49096217								Penghu Bay	
http://www.wikidata.org/entity/Q624569								South Sea	
http://www.wikidata.org/entity/Q79826495								German Wadden Sea	
http://www.wikidata.org/entity/Q21962563								Dead Sea	
http://www.wikidata.org/entity/Q33155356							Prince Gustaf Adolf Sea	Prince Gustaf Adolf Sea	
http://www.wikidata.org/entity/Q28059689								Queen Victoria Sea	
http://www.wikidata.org/entity/Q11935054								Catalan Sea	
http://www.wikidata.org/entity/Q10461055								Goldthwait Sea	
http://www.wikidata.org/entity/Q645271								Sea of Sardinia	
http://www.wikidata.org/entity/Q85801337								Sir Charles Hamilton Sound	
http://www.wikidata.org/entity/Q3306215								Sea of Zanj	
http://www.wikidata.org/entity/Q31477352								Bakor Sea	
http://www.wikidata.org/entity/Q43182728								Northeast Atlantic	
http://www.wikidata.org/entity/Q33155344								Philippine Sea - Yap Islands	
http://www.wikidata.org/entity/Q1423108								Timor Gap	
http://www.wikidata.org/entity/Q49096182								Brevig Lagoon	
http://www.wikidata.org/entity/Q49096241								Wainwright Inlet	
http://www.wikidata.org/entity/Q3240274								Murter Sea	
http://www.wikidata.org/entity/Q3306208								Sicile's sea	
http://www.wikidata.org/entity/Q5762423								Inner Seas off the West Coast of Scotland	
http://www.wikidata.org/entity/Q6449691								Kven Sea	
http://www.wikidata.org/entity/Q49374125								Breving Lagoon	
http://www.wikidata.org/entity/Q2357232	Eemmeri							Eemian sea	
http://www.wikidata.org/entity/Q117354711								Intra-Americas Sea	
http://www.wikidata.org/entity/Q1649939	Selkämeri						Bottenhavet	Bothnian Sea	
http://www.wikidata.org/entity/Q49096231								Thale Ko Yao	
http://www.wikidata.org/entity/Q11959711							Austhavet	Austhavet	
http://www.wikidata.org/entity/Q3265357								Cretaceous Sea	
http://www.wikidata.org/entity/Q3306186								seas west of Scotland	
http://www.wikidata.org/entity/Q24828473								McKinley Sea	
http://www.wikidata.org/entity/Q12355425							Sør-Stillehavet	South Pacific Ocean	
http://www.wikidata.org/entity/Q79831056								Danish Wadden Sea	
http://www.wikidata.org/entity/Q351668	Etelämeri							South Seas	
http://www.wikidata.org/entity/Q49096203								Marryat Inlet	
http://www.wikidata.org/entity/Q31568167								Dipulao Sea	
http://www.wikidata.org/entity/Q31808869								Kalupag Sea	
http://www.wikidata.org/entity/Q43182957								Northwest Pacific	
http://www.wikidata.org/entity/Q24880742								Laut Lepar	
http://www.wikidata.org/entity/Q2835799								Grau Sea	
http://www.wikidata.org/entity/Q3094964								Diestiaan Sea	
http://www.wikidata.org/entity/Q49096211								Myakka Cutoff	
http://www.wikidata.org/entity/Q2001466							Norsk kontinentalsokkel	Norwegian continental shelf	
http://www.wikidata.org/entity/Q2012111							Olgastretet	Olgastretet	
http://www.wikidata.org/entity/Q37884								Makran Sea	
http://www.wikidata.org/entity/Q43181427								Eastern Central Atlantic	
http://www.wikidata.org/entity/Q34765248								North West Pacific Ocean - E to S of Palau Islands	
http://www.wikidata.org/entity/Q13136164								Holstein Sea	
http://www.wikidata.org/entity/Q49096188								Gunasamilga	
http://www.wikidata.org/entity/Q49096214								Northwest Straits	
http://www.wikidata.org/entity/Q26233842								Agulhas Sea	
http://www.wikidata.org/entity/Q60038397								Somali Sea	
http://www.wikidata.org/entity/Q111384093							Sør-Kina og Østlige arkipels hav	South China and Eastern Archipelagic Seas	
http://www.wikidata.org/entity/Q470088							Det amerikanske middelhav	American Mediterranean Sea	
http://www.wikidata.org/entity/Q108136663								Southern Indian Ocean	
http://www.wikidata.org/entity/Q116873759								North West Passage	
http://www.wikidata.org/entity/Q49096185								Chinitna Bay	
http://www.wikidata.org/entity/Q49096194								Kuyanak Bay	
http://www.wikidata.org/entity/Q49096224								Putuo Yang	
http://www.wikidata.org/entity/Q104018603								North Natuna Sea	
http://www.wikidata.org/entity/Q66485	Jaipur						Jaipur	Jaipur	Джайпур
http://www.wikidata.org/entity/Q269	Taškent						Tasjkent	Tashkent	Ташкент
http://www.wikidata.org/entity/Q68481	Fuzhou						Fuzhou	Fuzhou	Фучжоу
http://www.wikidata.org/entity/Q41474	Kingstown						Kingstown	Kingstown	Кингстаун
http://www.wikidata.org/entity/Q69345	Neuchâtel						Neuchâtel	Neuchâtel	Невшатель
http://www.wikidata.org/entity/Q61	Washington	Washington, D.C.	Washington D.C.				Washington D.C.	Washington, D.C.	Вашингтон
http://www.wikidata.org/entity/Q79281							Washington	Washington	Вашингтон
http://www.wikidata.org/entity/Q80484	Patna						Patna	Patna	Патна
http://www.wikidata.org/entity/Q80989	Bhopal						Bhopal	Bhopal	Бхопал
http://www.wikidata.org/entity/Q82500	Sankt Pölten						Sankt Pölten	St. Pölten	Санкт-Пёльтен
http://www.wikidata.org/entity/Q41547	St. George’s						St. George's	St. George's	Сент-Джорджес
http://www.wikidata.org/entity/Q41699	Castries						Castries	Castries	Кастри
http://www.wikidata.org/entity/Q64	Berliini	Berlin	Berlin	Berliin			Berlin	Berlin	Берлин
http://www.wikidata.org/entity/Q83786	Shimla						Simla	Shimla	Шимла
http://www.wikidata.org/entity/Q70	Bern	Bern	Bern				Bern	Bern	Берн
http://www.wikidata.org/entity/Q83442							Kullu	Kullu	Куллу
http://www.wikidata.org/entity/Q384	Skopje		Skopje				Skopje	Skopje	Скопье
http://www.wikidata.org/entity/Q42751	Palikir						Palikir	Palikir	Паликир
http://www.wikidata.org/entity/Q101418	Lobamba	Lobamba					Lobamba	Lobamba	Лобамба
http://www.wikidata.org/entity/Q42800	Belo Horizonte						Belo Horizonte	Belo Horizonte	Белу-Оризонти
http://www.wikidata.org/entity/Q437	Ljubljana	Ljubljana	Ljubljana	Ljubljana	Ljubljana	Ljubljana	Ljubljana	Ljubljana	Любляна
http://www.wikidata.org/entity/Q83189	Goiânia						Goiânia	Goiânia	Гояния
http://www.wikidata.org/entity/Q84	Lontoo	Lontoo	London				London	London	Лондон
http://www.wikidata.org/entity/Q41963	Kotte						Sri Jayawardenapura Kotte	Sri Jayawardenepura Kotte	Шри-Джаяварденепура-Котте
http://www.wikidata.org/entity/Q112813	Durango						Victoria de Durango	Durango	Виктория-де-Дуранго
http://www.wikidata.org/entity/Q44059	La Plata						La Plata	La Plata	Ла-Плата
http://www.wikidata.org/entity/Q598	Rzeszów						Rzeszów	Rzeszów	Жешув
http://www.wikidata.org/entity/Q585	Oslo	Oslo	Oslo	Oslo	Oslove	Oslo	Oslo	Oslo	Осло
http://www.wikidata.org/entity/Q131620	Natal						Natal	Natal	Натал
http://www.wikidata.org/entity/Q472	Sofia	Sofia	Sofia	Sofia			Sofia	Sofia	София
http://www.wikidata.org/entity/Q129072	Persepolis						Persepolis	Persepolis	Персеполь
http://www.wikidata.org/entity/Q131233	South Tarawa						South Tarawa	South Tarawa	Южная Тарава
http://www.wikidata.org/entity/Q47837	El Aaiún						El Aaiún	Laayoune	Эль-Аюн
http://www.wikidata.org/entity/Q131694	Aden						Aden	Aden	Аден
http://www.wikidata.org/entity/Q90	Pariisi	Pariisi	Paris	Pariis			Paris	Paris	Париж
http://www.wikidata.org/entity/Q85	Kairo	Kairo	Cairo	Kairo			Kairo	Cairo	Каир
http://www.wikidata.org/entity/Q649	Moskova	Moskova	Moskva				Moskva	Moscow	Москва
http://www.wikidata.org/entity/Q47916	Lucknow						Lucknow	Lucknow	Лакхнау
http://www.wikidata.org/entity/Q48329	Maarianhamina	Maarianhamina	Mariehamn				Mariehamn	Mariehamn	Мариехамн
http://www.wikidata.org/entity/Q48338	Kayseri						Kayseri	Kayseri	Кайсери
http://www.wikidata.org/entity/Q132572	Tiraspol						Tiraspol	Tiraspol	Тирасполь
http://www.wikidata.org/entity/Q132754	Arbil						Arbil	Erbil	Эрбиль
http://www.wikidata.org/entity/Q44211	Corrientes						Corrientes	Corrientes	Корриентес
http://www.wikidata.org/entity/Q44215	Santa Rosa						Santa Rosa	Santa Rosa	Санта-Роса
http://www.wikidata.org/entity/Q44244	Santa Fe						Santa Fe	Santa Fe	Санта-Фе
http://www.wikidata.org/entity/Q132679	Willemstad						Willemstad	Willemstad	Виллемстад
http://www.wikidata.org/entity/Q807	Lausanne						Lausanne	Lausanne	Лозанна
http://www.wikidata.org/entity/Q911	Ufa						Ufa	Ufa	Уфа
http://www.wikidata.org/entity/Q52101	Middelburg						Middelburg	Middelburg	Мидделбург
http://www.wikidata.org/entity/Q220	Rooma	Rooma	Roma				Roma	Rome	Рим
http://www.wikidata.org/entity/Q216	Vilna	Vilna	Vilnius				Vilnius	Vilnius	Вильнюс
http://www.wikidata.org/entity/Q132997	Florianópolis						Florianópolis	Florianópolis	Флорианополис
http://www.wikidata.org/entity/Q956	Peking	Peking	Peking				Beijing	Beijing	Пекин
http://www.wikidata.org/entity/Q63964	Sarnen						Sarnen	Sarnen	Зарнен
http://www.wikidata.org/entity/Q154002	Melekeok						Melekeok	Melekeok	Мелекеок
http://www.wikidata.org/entity/Q147738	Saint Helier						Saint Helier	Saint Helier	Сент-Хелиер
http://www.wikidata.org/entity/Q987	New Delhi		New Delhi				New Delhi	New Delhi	Нью-Дели
http://www.wikidata.org/entity/Q157035	Bückeburg						Bückeburg	Bückeburg	Бюккебург
http://www.wikidata.org/entity/Q994	Tbilisi	Tbilisi	Tbilisi	Tbilisi			Tbilisi	Tbilisi	Тбилиси
http://www.wikidata.org/entity/Q165341	Teresina						Teresina	Teresina	Терезина
http://www.wikidata.org/entity/Q159273	Arequipa						Arequipa	Arequipa	Арекипа
http://www.wikidata.org/entity/Q3718	Dakar	Dakar					Dakar	Dakar	Дакар
http://www.wikidata.org/entity/Q166065	Lelystad						Lelystad	Lelystad	Лелистад
http://www.wikidata.org/entity/Q1085	Praha	Praha	Praha				Praha	Prague	Прага
http://www.wikidata.org/entity/Q167436	João Pessoa						João Pessoa	João Pessoa	Жуан-Песоа
http://www.wikidata.org/entity/Q3726	Banjul	Banjul	Banjul	Banjul			Banjul	Banjul	Банжул
http://www.wikidata.org/entity/Q167551	Gitega	Gitega					Gitega	Gitega	Гитега
http://www.wikidata.org/entity/Q168929	Campo Grande						Campo Grande	Campo Grande	Кампу-Гранди
http://www.wikidata.org/entity/Q168652	Hargeisa	Hargeisa	Hargeisa	Hargeisa			Hargeisa	Hargeisa	Харгейса
http://www.wikidata.org/entity/Q1362	Islamabad	Islamabad	Islamabad				Islamabad	Islamabad	Исламабад
http://www.wikidata.org/entity/Q1486	Buenos Aires	Buenos Aires	Buenos Aires	Buenos Aires			Buenos Aires	Buenos Aires	Буэнос-Айрес
http://www.wikidata.org/entity/Q170578	Aracaju						Aracaju	Aracaju	Аракажу
http://www.wikidata.org/entity/Q170454	Agartala						Agartala	Agartala	Агартала
http://www.wikidata.org/entity/Q170762	Cuiabá						Cuiabá	Cuiabá	Куяба
http://www.wikidata.org/entity/Q3748	Monrovia	Monrovia	Monrovia	Monrovia			Monrovia	Monrovia	Монровия
http://www.wikidata.org/entity/Q172512	Porto Velho						Porto Velho	Porto Velho	Порту-Велью
http://www.wikidata.org/entity/Q3751	Praia	Praia					Praia	Praia	Прая
http://www.wikidata.org/entity/Q1515	Abidjan	Abidjan					Abidjan	Abidjan	Абиджан
http://www.wikidata.org/entity/Q3761	Accra	Accra					Accra	Accra	Аккра
http://www.wikidata.org/entity/Q174461	Ranchi						Ranchi	Ranchi	Ранчи
http://www.wikidata.org/entity/Q173310	Kirkuk						Kirkuk	Kirkuk	Киркук
http://www.wikidata.org/entity/Q1520	Astana						Astana	Astana	Астана
http://www.wikidata.org/entity/Q180773	Susa						Susa	Susa	Сузы
http://www.wikidata.org/entity/Q1530	Bagdad	Bagdad					Bagdad	Baghdad	Багдад
http://www.wikidata.org/entity/Q3780	Freetown	Freetown					Freetown	Freetown	Фритаун
http://www.wikidata.org/entity/Q3768	Yamoussoukro	Yamoussoukro					Yamoussoukro	Yamoussoukro	Ямусукро
http://www.wikidata.org/entity/Q178993	Palmas						Palmas	Palmas	Палмас
http://www.wikidata.org/entity/Q181007	Hattuša						Hattusa	Hattusa	Хаттуса
http://www.wikidata.org/entity/Q1524	Ateena		Athena				Athen	Athens	Афины
http://www.wikidata.org/entity/Q181056	Boa Vista						Boa Vista	Boa Vista	Боа-Виста
http://www.wikidata.org/entity/Q3787	Abuja	Abuja					Abuja	Abuja	Абуджа
http://www.wikidata.org/entity/Q3792	Lomé	Lomé					Lomé	Lomé	Ломе
http://www.wikidata.org/entity/Q192541	Ktesifon						Ktesifon	Ctesiphon	Ктесифон
http://www.wikidata.org/entity/Q3805	Amman	Amman	Amman	Amman		Amman	Amman	Amman	Амман
http://www.wikidata.org/entity/Q1555	Guatemala	Guatemala	Guatemala	Guatemala			Guatemala by	Guatemala City	Гватемала
http://www.wikidata.org/entity/Q232615	Sardes						Sardis	Sardis	Сарды
http://www.wikidata.org/entity/Q1563	Havanna	Havanna		Havanna			Havanna	Havana	Гавана
http://www.wikidata.org/entity/Q211030	Cherrapunji						Cherrapunji	Cherrapunji	Черапунджи
http://www.wikidata.org/entity/Q1533	Caracas		Caracas				Caracas	Caracas	Каракас
http://www.wikidata.org/entity/Q217610	Oranjestad						Oranjestad	Oranjestad	Ораньестад
http://www.wikidata.org/entity/Q319476	Cumaná						Cumaná	Upata	Кумана
http://www.wikidata.org/entity/Q331584							Kralendijk	Kralendijk	Кралендейк
http://www.wikidata.org/entity/Q1741	Wien		Wien				Wien	Vienna	Вена
http://www.wikidata.org/entity/Q429059								Dvin	Двин
http://www.wikidata.org/entity/Q277540	Chan Chan						Chan Chan	Chan Chan	Чан-Чан
http://www.wikidata.org/entity/Q696193	Ekbatana						Ekbatana	Ecbatana	Экбатана
http://www.wikidata.org/entity/Q624467								Hanseongbu	Хансонбу
http://www.wikidata.org/entity/Q3808	Yaoundé	Yaoundé					Yaoundé	Yaoundé	Яунде
http://www.wikidata.org/entity/Q3818	Malabo	Malabo					Malabo	Malabo	Малабо
http://www.wikidata.org/entity/Q569107	Anšan						Anshan (Persia)	Anshan Persia	Аншан
http://www.wikidata.org/entity/Q605319	Alcochete						Alcochete	Alcochete	Алкошети
http://www.wikidata.org/entity/Q706215								Artaxata	Арташат
http://www.wikidata.org/entity/Q1748	Kööpenhamina	Kööbenhaammân	Københápman				København	Copenhagen	Копенгаген
http://www.wikidata.org/entity/Q752394	Asuka-kyō							Asuka	Асука
http://www.wikidata.org/entity/Q738250	Melo						Melo	Melo	Мело
http://www.wikidata.org/entity/Q3820	Beirut	Beirut	Beirut	Beirut			Beirut	Beirut	Бейрут
http://www.wikidata.org/entity/Q3825	Libreville	Libreville	Libreville	Libreville			Libreville	Libreville	Либревиль
http://www.wikidata.org/entity/Q3826	Masqat						Muskat	Muscat	Маскат
http://www.wikidata.org/entity/Q834162								capital of the Netherlands	Столица Нидерландов
http://www.wikidata.org/entity/Q822679	Garoowe						Garoowe	Garowe	Гароуэ
http://www.wikidata.org/entity/Q841342	Canelones						Canelones	Canelones	Канелонес
http://www.wikidata.org/entity/Q1754	Tukholma	Tukholma	Stockholbma		Stuehkie	Stockhoalmma	Stockholm	Stockholm	Стокгольм
http://www.wikidata.org/entity/Q977305	Tambacounda						Tambacounda	Tambacounda	Тамбакунда
http://www.wikidata.org/entity/Q1107569	Kerma						Kerma	Kerma	Керма
http://www.wikidata.org/entity/Q3832	Bangui	Bangui					Bangui	Bangui	Банги
http://www.wikidata.org/entity/Q854672	Nisa							Nisa	Ниса
http://www.wikidata.org/entity/Q1113311	Peshawar						Peshawar	Peshawar	Пешавар
http://www.wikidata.org/entity/Q1757	Helsinki	Helsig	Helsset	Heʹlssen			Helsingfors	Helsinki	Хельсинки
http://www.wikidata.org/entity/Q3856	Nikosia	Nikosia	Nikosia	Nikosia			Nikosia	Nicosia	Никосия
http://www.wikidata.org/entity/Q1190403							Edessa	Edessa	Эдесса
http://www.wikidata.org/entity/Q1199713	Batavia							Batavia	Батавия
http://www.wikidata.org/entity/Q1136681	Seleukeia						Seleukia	Seleucia	Селевкия
http://www.wikidata.org/entity/Q1330294								Jiankang	Цзянькан
http://www.wikidata.org/entity/Q1761	Dublin		Dublin				Dublin	Dublin	Дублин
http://www.wikidata.org/entity/Q1770	Tallinna	Tallinna	Tallinn				Tallinn	Tallinn	Таллин
http://www.wikidata.org/entity/Q1518300								Hecatompylos	Гекатомпил
http://www.wikidata.org/entity/Q2313393								Tabiz	Табиз
http://www.wikidata.org/entity/Q1815305	Kašlyk						Qashliq	Qashliq	Кашлык
http://www.wikidata.org/entity/Q2594448							Shravasti	Shravasti	Шравасти
http://www.wikidata.org/entity/Q3859	Kigali	Kigali					Kigali	Kigali	Кигали
http://www.wikidata.org/entity/Q3233968	Linguère							Linguère	Лингере
http://www.wikidata.org/entity/Q3344424								Beja (city)	Бежа
http://www.wikidata.org/entity/Q3947434							San Juan	San Juan	Сан-Хаун
http://www.wikidata.org/entity/Q3344926								Aveiro (city)	Авейру
http://www.wikidata.org/entity/Q4070999									Аршакаван
http://www.wikidata.org/entity/Q10054424								Fengtian Fu	Фэнтяньская управа
http://www.wikidata.org/entity/Q12489692							Karta	Karta	Карта
http://www.wikidata.org/entity/Q7856199	Firuzkuh							Firozkoh	Фирузкух
http://www.wikidata.org/entity/Q3861	Doha						Doha	Doha	Доха
http://www.wikidata.org/entity/Q3866	Dodoma	Dodoma					Dodoma	Dodoma	Додома
http://www.wikidata.org/entity/Q1780	Bratislava	Bratislava	Bratislava	Bratislava			Bratislava	Bratislava	Братислава
http://www.wikidata.org/entity/Q3870	Nairobi	Nairobi	Nairobi	Nairobi			Nairobi	Nairobi	Найроби
http://www.wikidata.org/entity/Q3876	Lilongwe	Lilongwe					Lilongwe	Lilongwe	Лилонгве
http://www.wikidata.org/entity/Q1781	Budapest	Budapest	Budapest				Budapest	Budapest	Будапешт
http://www.wikidata.org/entity/Q1844	Vaduz	Vaduz	Vaduz				Vaduz	Vaduz	Вадуц
http://www.wikidata.org/entity/Q3889	Maputo	Maputo	Maputo				Maputo	Maputo	Мапуту
http://www.wikidata.org/entity/Q3881	Lusaka	Lusaka	Lusaka	Lusaka	Lusaka	Lusaka	Lusaka	Lusaka	Лусака
http://www.wikidata.org/entity/Q1848	San Marino	San Marino	San Marino	San Marino			San Marino	San Marino	Сан-Марино
http://www.wikidata.org/entity/Q3894	Kampala	Kampala	Kampala	Kampala			Kampala	Kampala	Кампала
http://www.wikidata.org/entity/Q3897	Luanda	Luanda	Luanda	Luanda	Luanda	Luanda	Luanda	Luanda	Луанда
http://www.wikidata.org/entity/Q1858	Hanoi	Hanoi	Hanoi	Hanoi	Hanoi	Hanoi	Hanoi	Hanoi	Ханой
http://www.wikidata.org/entity/Q1850	Phnom Penh						Phnom Penh	Phnom Penh	Пномпень
http://www.wikidata.org/entity/Q3901	Moroni	Moroni					Moroni	Moroni	Морони
http://www.wikidata.org/entity/Q3915	Antananarivo	Antananarivo					Antananarivo	Antananarivo	Антананариву
http://www.wikidata.org/entity/Q3909	Maseru	Maseru	Maseru	Maseru			Maseru	Maseru	Масеру
http://www.wikidata.org/entity/Q3904	Mbabane	Mbabane	Mbabane				Mbabane	Mbabane	Мбабане
http://www.wikidata.org/entity/Q1861	Bangkok	Bangkok	Bangkok	Bangkok	Bangkok	Bangkok	Bangkok	Bangkok	Бангкок
http://www.wikidata.org/entity/Q3921	Harare	Harare					Harare	Harare	Хараре
http://www.wikidata.org/entity/Q3926	Pretoria	Pretoria	Pretoria	Pretoria			Pretoria	Pretoria	Претория
http://www.wikidata.org/entity/Q3919	Gaborone	Gaborone	Gaborone	Gaborone	Gaborone	Gaborone	Gaborone	Gaborone	Габороне
http://www.wikidata.org/entity/Q1863	Andorra la Vella	Andorra la Vella	Andorra la Vella				Andorra la Vella	Andorra la Vella	Андорра-ла-Велья
http://www.wikidata.org/entity/Q1865	Kuala Lumpur	Kuala Lumpur	Kuala Lumpur	Kuala Lumpur	Kuala Lumpur	Kuala Lumpur	Kuala Lumpur	Kuala Lumpur	Куала-Лумпур
http://www.wikidata.org/entity/Q3932	São Tomé	São Tomé					São Tomé	São Tomé	Сан-Томе
http://www.wikidata.org/entity/Q3940	Victoria	Victoria, Seychelleh					Victoria	Victoria	Виктория
http://www.wikidata.org/entity/Q3935	Windhoek	Windhoek	Windhoek	Windhoek			Windhoek	Windhoek	Виндхук
http://www.wikidata.org/entity/Q1867	Taipei	Taipei	Taipei	Taipei	Taipei	Taipei	Taipei	Taipei	Тайбэй
http://www.wikidata.org/entity/Q1899	Kiova	Kiova	Kiova				Kyiv	Kyiv	Киев
http://www.wikidata.org/entity/Q3929	Port Louis	Port Louis					Port Louis	Port Louis	Порт-Луи
http://www.wikidata.org/entity/Q4361	Curitiba		Curitiba				Curitiba	Curitiba	Куритиба
http://www.wikidata.org/entity/Q1930	Ottawa						Ottawa	Ottawa	Оттава
http://www.wikidata.org/entity/Q1947	Juba	Juba	Juba	Juba			Juba	Juba	Джуба
http://www.wikidata.org/entity/Q5465	Kapkaupunki	Kapkaavpug	Cape Town				Cape Town	Cape Town	Кейптаун
http://www.wikidata.org/entity/Q5426	Iževsk						Izjevsk	Izhevsk	Ижевск
http://www.wikidata.org/entity/Q1963	Khartum	Khartum					Khartoum	Khartoum	Хартум
http://www.wikidata.org/entity/Q8678	Rio de Janeiro	Rio de Janeiro	Rio de Janeiro	Rio de Janeiro	Rio de Janeiro	Rio de Janeiro	Rio de Janeiro	Rio de Janeiro	Рио-де-Жанейро
http://www.wikidata.org/entity/Q8684	Soul						Seoul	Seoul	Сеул
http://www.wikidata.org/entity/Q2280	Minsk		Minsk				Minsk	Minsk	Минск
http://www.wikidata.org/entity/Q9022	Guadalajara						Guadalajara	Guadalajara	Гвадалахара
http://www.wikidata.org/entity/Q2082	St. John’s						St. John's	St. John's	Сент-Джонс
http://www.wikidata.org/entity/Q2449	Mogadishu	Mogadishu	Mogadishu	Mogadishu			Mogadishu	Mogadishu	Могадишо
http://www.wikidata.org/entity/Q9248	Baku	Baku	Baku	Baku			Baku	Baku	Баку
http://www.wikidata.org/entity/Q2337	Smolensk						Smolensk	Smolensk	Смоленск
http://www.wikidata.org/entity/Q2841	Bogotá		Bogotá				Bogotá	Bogotá	Богота
http://www.wikidata.org/entity/Q2471	Sanaa	Sanaa	Sanaa	Sanaa			Sana	Sanaa	Сана
http://www.wikidata.org/entity/Q9310	Dili						Dili	Dili	Дили
http://www.wikidata.org/entity/Q9279	Bandar Seri Begawan						Bandar Seri Begawan	Bandar Seri Begawan	Бандар-Сери-Бегаван
http://www.wikidata.org/entity/Q2844	Brasília						Brasília	Brasília	Бразилиа
http://www.wikidata.org/entity/Q9347	Malé	Malé	Malé				Malé	Malé	Мале
http://www.wikidata.org/entity/Q2868	Lima	Lima	Lima	Lima			Lima	Lima	Лима
http://www.wikidata.org/entity/Q2887	Santiago de Chile		Santiago				Santiago	Santiago	Сантьяго
http://www.wikidata.org/entity/Q9361	Biškek						Bisjkek	Bishkek	Бишкек
http://www.wikidata.org/entity/Q2900	Quito	Quito	Quito	Quito			Quito	Quito	Кито
http://www.wikidata.org/entity/Q9365	Dušanbe	Dušanbe	Dušanbe	Dušanbe			Dusjanbe	Dushanbe	Душанбе
http://www.wikidata.org/entity/Q2933	Asunción						Asunción	Asunción	Асунсьон
http://www.wikidata.org/entity/Q3001	Paramaribo	Paramaribo	Paramaribo	Paramaribo			Paramaribo	Paramaribo	Парамарибо
http://www.wikidata.org/entity/Q10686	Belfast						Belfast	Belfast	Белфаст
http://www.wikidata.org/entity/Q3037	Kathmandu		Kathmandu				Katmandu	Kathmandu	Катманду
http://www.wikidata.org/entity/Q10690	Cardiff		Caerdydd				Cardiff	Cardiff	Кардифф
http://www.wikidata.org/entity/Q10717	Georgetown		Georgetown				Georgetown	Georgetown	Джорджтаун
http://www.wikidata.org/entity/Q11194	Sarajevo	Sarajevo	Sarajevo	Sarajevo			Sarajevo	Sarajevo	Сараево
http://www.wikidata.org/entity/Q3043	Belmopan		Belmopan				Belmopan	Belmopan	Бельмопан
http://www.wikidata.org/entity/Q3110	San Salvador	San Salvador	San Salvador	San Salvador			San Salvador	San Salvador	Сан-Сальвадор
http://www.wikidata.org/entity/Q3070	San José		San José				San José	San José	Сан-Хосе
http://www.wikidata.org/entity/Q3114	Canberra	Canberra	Canberra				Canberra	Canberra	Канберра
http://www.wikidata.org/entity/Q12919	Majuro						Majuro	Majuro	Маджуро
http://www.wikidata.org/entity/Q16666	Nanjing						Nanjing	Nanjing	Нанкин
http://www.wikidata.org/entity/Q18808	Pjongjang						Pyongyang	Pyongyang	Пхеньян
http://www.wikidata.org/entity/Q3238	Tegucigalpa	Tegucigalpa	Tegucigalpa	Tegucigalpa			Tegucigalpa	Tegucigalpa	Тегусигальпа
http://www.wikidata.org/entity/Q3274	Managua	Managua	Managua	Managua			Managua	Managua	Манагуа
http://www.wikidata.org/entity/Q19660	Bukarest		București				București	Bucharest	Бухарест
http://www.wikidata.org/entity/Q19689	Tirana	Tirana	Tirana	Tirana			Tirana	Tirana	Тирана
http://www.wikidata.org/entity/Q3306	Panamá		Panama gávpot				Panama by	Panama City	Панама
http://www.wikidata.org/entity/Q3551	Rabat	Rabat					Rabat	Rabat	Рабат
http://www.wikidata.org/entity/Q21197	Chișinău		Chişinău				Chișinău	Chișinău	Кишинёв
http://www.wikidata.org/entity/Q3561	Alger	Alger					Alger	Algiers	Алжир
http://www.wikidata.org/entity/Q23436	Edinburgh	Edinburgh	Edinburgh	Edinburgh			Edinburgh	Edinburgh	Эдинбург
http://www.wikidata.org/entity/Q3579	Tripoli	Tripoli					Tripoli	Tripoli	Триполи
http://www.wikidata.org/entity/Q23438	Ašgabat						Asjkhabad	Ashgabat	Ашхабад
http://www.wikidata.org/entity/Q3604	Djibouti	Djibouti	Djibouti	Djibouti			Djibouti	Djibouti	Джибути
http://www.wikidata.org/entity/Q3616	Teheran	Teheran	Teheran				Teheran	Tehran	Тегеран
http://www.wikidata.org/entity/Q25270	Pristina						Priština	Prishtina	Приштина
http://www.wikidata.org/entity/Q3642	Asmara	Asmara					Asmara	Asmara	Асмэра
http://www.wikidata.org/entity/Q25390	Leeuwarden		Ljouwert				Leeuwarden	Leeuwarden	Леуварден
http://www.wikidata.org/entity/Q3659	N’Djamena	N'Djamena					N'Djamena	N'Djamena	Нджамена
http://www.wikidata.org/entity/Q3692	Riad						Riyadh	Riyadh	Эр-Рияд
http://www.wikidata.org/entity/Q27660	Jizan						Jizan	Jizan	Джизан
http://www.wikidata.org/entity/Q30958	Philipsburg						Philipsburg	Philipsburg	Филипсбург
http://www.wikidata.org/entity/Q30970	Jamestown						Jamestown	Jamestown	Джеймстаун
http://www.wikidata.org/entity/Q30985	Hamilton						Hamilton	Hamilton	Гамильтон
http://www.wikidata.org/entity/Q31026	Yaren						Yaren	Yaren District	Ярен
http://www.wikidata.org/entity/Q3703	Bamako	Bamako	Bamako	Bamako			Bamako	Bamako	Бамако
http://www.wikidata.org/entity/Q33929	Ninh Bình						Ninh Binh	Ninh Bình	Ниньбинь
http://www.wikidata.org/entity/Q3711	Belgrad		Belgrad				Beograd	Belgrade	Белград
http://www.wikidata.org/entity/Q31487	Krakova	Krakova					Kraków	Kraków	Краков
http://www.wikidata.org/entity/Q34126	Funafuti						Funafuti	Funafuti	Фунафути
http://www.wikidata.org/entity/Q34261	Port-au-Prince	Port-au-Prince	Port-au-Prince	Port-au-Prince			Port-au-Prince	Port-au-Prince	Порт-о-Пренс
http://www.wikidata.org/entity/Q65300020							Sofifi	Sofifi	Софифи
http://www.wikidata.org/entity/Q101186473								Khanbaliq	Ханбалык
http://www.wikidata.org/entity/Q34692	Kingston	Kingston	Kingston	Kingston			Kingston	Kingston	Кингстон
http://www.wikidata.org/entity/Q34820	Santo Domingo	Santo Domingo	Santo Domingo	Santo Domingo			Santo Domingo	Santo Domingo	Санто-Доминго
http://www.wikidata.org/entity/Q35178	Kuwait						Kuwait	Kuwait City	Эль-Кувейт
http://www.wikidata.org/entity/Q35381	Colombo	Colombo	Colombo	Colombo			Colombo	Colombo	Коломбо
http://www.wikidata.org/entity/Q36168	Bridgetown	Bridgetown	Bridgetown	Bridgetown	Bridgetown	Bridgetown	Bridgetown	Bridgetown	Бриджтаун
http://www.wikidata.org/entity/Q36260	Apia						Apia	Apia	Апиа
http://www.wikidata.org/entity/Q36281	Roseau						Roseau	Roseau	Розо
http://www.wikidata.org/entity/Q36378	Fribourg						Fribourg	Fribourg	Фрибур
http://www.wikidata.org/entity/Q36526	Port Moresby						Port Moresby	Port Moresby	Порт-Морсби
http://www.wikidata.org/entity/Q37400	Naypyidaw						Nay Pyi Taw	Naypyidaw	Нейпьидо
http://www.wikidata.org/entity/Q37701	Bloemfontein	Bloemfontein	Bloemfontein	Bloemfontein	Bloemfontein	Bloemfontein	Bloemfontein	Bloemfontein	Блумфонтейн
http://www.wikidata.org/entity/Q37806	Port Vila						Port Vila	Port Vila	Порт-Вила
http://www.wikidata.org/entity/Q37995	Yangon						Yangon	Yangon	Янгон
http://www.wikidata.org/entity/Q38807	Suva						Suva	Suva	Сува
http://www.wikidata.org/entity/Q38834	Nukuʻalofa	Nukuʻalofa	Nukuʻalofa	Nukuʻalofa			Nuku'alofa	Nuku'alofa	Нукуалофа
http://www.wikidata.org/entity/Q40236	Manaus						Manaus	Manaus	Манаус
http://www.wikidata.org/entity/Q40269	Porto Alegre						Porto Alegre	Porto Alegre	Порту-Алегри
http://www.wikidata.org/entity/Q41295	Basseterre						Basseterre	Basseterre	Бастер
http://www.wikidata.org/entity/Q40921	Honiara						Honiara	Honiara	Хониара
http://www.wikidata.org/entity/Q41128	Itanagar						Itanagar	Itanagar	Итанагар
http://www.wikidata.org/entity/Q24008400	Laguardia						Laguardia	Laguardia	
http://www.wikidata.org/entity/Q11955673									
http://www.wikidata.org/entity/Q12259792									
http://www.wikidata.org/entity/Q23000330									
http://www.wikidata.org/entity/Q993064								Saint Anne	
http://www.wikidata.org/entity/Q1000140								Sa Pa	
http://www.wikidata.org/entity/Q1131299								Veligrad	
http://www.wikidata.org/entity/Q97132512									
http://www.wikidata.org/entity/Q3683885							Ciudad Colón	Colón	
http://www.wikidata.org/entity/Q4803191								Asaak	
http://www.wikidata.org/entity/Q12254217								Artieda	
http://www.wikidata.org/entity/Q12824432								Kardiff	
http://www.wikidata.org/entity/Q5865090								Kapisi	
http://www.wikidata.org/entity/Q3528033								Tianjing	
http://www.wikidata.org/entity/Q8262638								Establishment of the capital in Valladolid	
http://www.wikidata.org/entity/Q7223839								Bianliang	
http://www.wikidata.org/entity/Q28519583								Mentok	
http://www.wikidata.org/entity/Q31911550								Barreiro	
http://www.wikidata.org/entity/Q31912265								Batalha	
http://www.wikidata.org/entity/Q31878333								Alenquer	
http://www.wikidata.org/entity/Q31924457								Borba	
http://www.wikidata.org/entity/Q31880915								Amarante	
http://www.wikidata.org/entity/Q23986680								Carmona	
http://www.wikidata.org/entity/Q31877477								Alcanena	
http://www.wikidata.org/entity/Q385445								Lintzoain	
http://www.wikidata.org/entity/Q3894902								Papremi	
http://www.wikidata.org/entity/Q47461088								Magama	
http://www.wikidata.org/entity/Q31887734								Arganil	
http://www.wikidata.org/entity/Q49344178								Alter do Chão	
http://www.wikidata.org/entity/Q3393642								Idocin	
http://www.wikidata.org/entity/Q1069007	Washukanni							Washukanni	
http://www.wikidata.org/entity/Q18342086								Oyo-Ile	
http://www.wikidata.org/entity/Q31879456								Almeirim	
http://www.wikidata.org/entity/Q70591145								Bo	
http://www.wikidata.org/entity/Q49286541								Marinha Grande	
http://www.wikidata.org/entity/Q15941322								Bahía Negra	
http://www.wikidata.org/entity/Q31924170								Bombarral	
http://www.wikidata.org/entity/Q5316658								Durjaya	
http://www.wikidata.org/entity/Q14934767								Billinudel	
http://www.wikidata.org/entity/Q3947744							San Pablo	San Pablo	
http://www.wikidata.org/entity/Q3947745							San Pablo	San Pablo	
http://www.wikidata.org/entity/Q105076255								Saigon	
http://www.wikidata.org/entity/Q14634615								Muaro Tebo	
http://www.wikidata.org/entity/Q3948919							Santa Ana	Santa Ana	
http://www.wikidata.org/entity/Q12582377								Kasyepwon	
http://www.wikidata.org/entity/Q2483679							Comayaguela	Comayaguela	
http://www.wikidata.org/entity/Q98686735								Madinah al-Khatt	
http://www.wikidata.org/entity/Q98008573							Pozono	Pozono	
